pc_name,ip
172.30.2.1,P1
172.30.2.2,P2
172.30.2.3,P3
172.30.2.4,P4
172.30.2.5,P5
172.30.2.6,P6
172.30.2.7,P7
172.30.2.8,P8
172.30.2.9,P9
172.30.2.10,P10
172.30.2.11,P11
172.30.2.12,P12
172.30.2.13,P13
172.30.2.14,P14
172.30.2.15,P15
172.30.2.16,P16
172.30.2.17,P17
172.30.2.18,P18
172.30.2.19,P19
172.30.2.20,P20
172.30.2.21,P21
172.30.2.22,P22
172.30.2.23,P23
172.30.2.24,P24
172.30.2.25,P25
172.30.2.26,P26
172.30.2.27,P27
172.30.2.28,P28
172.30.2.29,P29
172.30.2.30,P30
172.30.2.31,P31
172.30.2.32,P32
172.30.2.33,P33
172.30.2.34,P34
172.30.2.35,P35
172.30.2.36,P36
172.30.2.37,P37
172.30.2.38,P38
172.30.2.39,P39
172.30.2.40,P40
172.30.2.41,P41
172.30.2.42,P42
172.30.2.43,P43
172.30.2.44,P44
172.30.2.45,P45
172.30.2.46,P46
172.30.2.47,P47
172.30.2.48,P48
172.30.2.49,P49
172.30.2.50,P50
172.30.2.51,P51
172.30.2.52,P52
172.30.2.53,P53
172.30.2.54,P54
172.30.2.55,P55
172.30.2.56,P56
172.30.2.57,P57
172.30.2.58,P58
172.30.2.59,P59
172.30.2.60,P60
172.30.2.61,P61
172.30.2.62,P62
172.30.2.63,P63
172.30.2.64,P64
172.30.2.65,P65
172.30.2.66,P66
172.30.2.67,P67
172.30.2.68,P68
172.30.2.69,P69
172.30.2.70,P70
172.30.2.71,P71
172.30.2.72,P72
172.30.2.73,P73
172.30.2.74,P74
172.30.2.75,P75
172.30.2.76,P76
172.30.2.77,P77
172.30.2.78,P78
172.30.2.79,P79
172.30.2.80,P80
172.30.2.81,P81
172.30.2.82,P82
172.30.2.83,P83
172.30.2.84,P84
172.30.2.85,P85
172.30.2.86,P86
172.30.2.87,P87
172.30.2.88,P88
172.30.2.89,P89
172.30.2.90,P90
172.30.2.91,P91
172.30.2.92,P92
172.30.2.93,P93
172.30.2.94,P94
172.30.2.95,P95
172.30.2.96,P96
172.30.2.97,P97
172.30.2.98,P98
172.30.2.99,P99
172.30.2.100,P100
